{"MI": {"jaccard_1e-6": [[[2.9322149753570557, 3.29473614692688, 2.8572490215301514], [2.9325616359710693, 3.294543981552124, 2.858707904815674], [2.934544324874878, 3.2955377101898193, 2.8616104125976562], [2.9371464252471924, 3.2976748943328857, 2.865147113800049], [2.938856840133667, 3.299427032470703, 2.867543935775757]], [[3.7657299041748047, 4.169536113739014, 3.831406354904175], [3.762871503829956, 4.164647102355957, 3.8317248821258545], [3.767822265625, 4.165608882904053, 3.8396568298339844], [3.7782390117645264, 4.173458576202393, 3.8524529933929443], [3.7858269214630127, 4.1803202629089355, 3.861424207687378]], [[4.141346454620361, 4.291312217712402, 4.145961284637451], [4.13090705871582, 4.270474433898926, 4.139883518218994], [4.1316962242126465, 4.258931636810303, 4.144992351531982], [4.144453525543213, 4.264019966125488, 4.160308361053467], [4.155494689941406, 4.27211856842041, 4.172226905822754]], [[4.2494587898254395, 4.213232040405273, 4.171106338500977], [4.236593723297119, 4.185092449188232, 4.161201477050781], [4.236703872680664, 4.170543670654297, 4.1669087409973145], [4.251977443695068, 4.1784162521362305, 4.18734884262085], [4.2655158042907715, 4.189737796783447, 4.203458309173584]], [[4.191437244415283, 4.145111083984375, 4.203866004943848], [4.173786640167236, 4.114590167999268, 4.190618515014648], [4.172631740570068, 4.100747108459473, 4.1943559646606445], [4.190849304199219, 4.113409519195557, 4.216299533843994], [4.207243919372559, 4.128703594207764, 4.234440803527832]], [[4.135810852050781, 4.0808563232421875, 4.104171276092529], [4.110912322998047, 4.055380344390869, 4.0822649002075195], [4.105366230010986, 4.049855709075928, 4.084628582000732], [4.12456750869751, 4.070460796356201, 4.1129584312438965], [4.143004894256592, 4.0902838706970215, 4.136650085449219]]], "jaccard_1e-2": [[[2.2418289184570312, 2.4542484283447266, 2.0683321952819824], [2.3747756481170654, 2.633370876312256, 2.2372024059295654], [2.5291664600372314, 2.8390514850616455, 2.4279165267944336], [2.6345362663269043, 2.974909543991089, 2.5536861419677734], [2.6826062202453613, 3.035054922103882, 2.609691619873047]], [[3.185800790786743, 3.5001473426818848, 3.0679407119750977], [3.303032159805298, 3.639364004135132, 3.2373852729797363], [3.4454185962677, 3.8031628131866455, 3.4322166442871094], [3.545193910598755, 3.915590763092041, 3.563669443130493], [3.5918655395507812, 3.9677979946136475, 3.623854875564575]], [[3.6342720985412598, 3.7496931552886963, 3.6212964057922363], [3.741032600402832, 3.857848644256592, 3.725059747695923], [3.8706774711608887, 3.9856820106506348, 3.8575515747070312], [3.9632644653320312, 4.075806617736816, 3.955181121826172], [4.008009910583496, 4.119563579559326, 4.002735614776611]], [[3.845306396484375, 3.8700225353240967, 3.7591817378997803], [3.9294395446777344, 3.9214513301849365, 3.834240436553955], [4.035391330718994, 3.9928975105285645, 3.939018964767456], [4.114635467529297, 4.053835868835449, 4.024446487426758], [4.15480899810791, 4.087693214416504, 4.069070816040039]], [[3.9032092094421387, 3.894826650619507, 3.879671573638916], [3.9519779682159424, 3.9197747707366943, 3.934375524520874], [4.024898052215576, 3.9679436683654785, 4.016573905944824], [4.088955402374268, 4.019895553588867, 4.089447021484375], [4.124685764312744, 4.052101135253906, 4.129791259765625]], [[3.9170360565185547, 3.8749349117279053, 3.8689236640930176], [3.9405291080474854, 3.8956856727600098, 3.8954975605010986], [3.9895968437194824, 3.9420738220214844, 3.9550187587738037], [4.043320178985596, 3.9953091144561768, 4.020876407623291], [4.0765533447265625, 4.029056072235107, 4.06101655960083]]], "jaccard_1e0": [[[0.38877448439598083, 0.4060368537902832, 0.35049423575401306], [0.4477992057800293, 0.47686487436294556, 0.4051094651222229], [0.559495747089386, 0.6159381866455078, 0.5141156315803528], [0.6803320050239563, 0.7711332440376282, 0.6371031999588013], [0.755216658115387, 0.8689279556274414, 0.7149842381477356]], [[0.6916515827178955, 0.7537270188331604, 0.6109200716018677], [0.7877224087715149, 0.8538616895675659, 0.695669949054718], [0.9679281115531921, 1.0488733053207397, 0.8626916408538818], [1.1607755422592163, 1.2634590864181519, 1.049167275428772], [1.2793247699737549, 1.3972381353378296, 1.1665453910827637]], [[0.915704607963562, 0.9382516741752625, 0.8486394882202148], [1.0339325666427612, 1.0561654567718506, 0.9583272933959961], [1.2600852251052856, 1.2871853113174438, 1.1719902753829956], [1.5040616989135742, 1.5394521951675415, 1.405251383781433], [1.6541268825531006, 1.6952849626541138, 1.5495128631591797]], [[1.139967918395996, 1.1514619588851929, 0.9983870983123779], [1.2677606344223022, 1.2740455865859985, 1.1147879362106323], [1.5130819082260132, 1.5118776559829712, 1.3415915966033936], [1.7773362398147583, 1.7684392929077148, 1.5891484022140503], [1.9393818378448486, 1.9255250692367554, 1.7421886920928955]], [[1.2753674983978271, 1.29167902469635, 1.1818095445632935], [1.4123493432998657, 1.421146035194397, 1.306820034980774], [1.6717126369476318, 1.6691029071807861, 1.5479599237442017], [1.9463822841644287, 1.933372139930725, 1.8082131147384644], [2.1127676963806152, 2.093935251235962, 1.9678394794464111]], [[1.3816399574279785, 1.3901684284210205, 1.3017175197601318], [1.521547794342041, 1.5294350385665894, 1.4343465566635132], [1.782712697982788, 1.7928390502929688, 1.6889305114746094], [2.0560967922210693, 2.0698513984680176, 1.9616990089416504], [2.220569610595703, 2.236530303955078, 2.1279449462890625]]], "and": [[[0.32035624980926514, 0.34300756454467773, 0.2895072400569916], [0.3792957663536072, 0.4137512743473053, 0.3417500853538513], [0.5046751499176025, 0.569066047668457, 0.4562664330005646], [0.6626224517822266, 0.7690356969833374, 0.6040429472923279], [0.7715693712234497, 0.908167839050293, 0.7077369689941406]], [[0.6836763024330139, 0.7576974034309387, 0.5728074312210083], [0.8115993142127991, 0.8935620784759521, 0.6751840710639954], [1.0814974308013916, 1.183426022529602, 0.8954684138298035], [1.4127000570297241, 1.5412684679031372, 1.173140287399292], [1.630684733390808, 1.7784435749053955, 1.3626415729522705]], [[1.0302338600158691, 1.0629873275756836, 0.895598292350769], [1.2237324714660645, 1.2566328048706055, 1.064583659172058], [1.628629446029663, 1.668515920639038, 1.4265722036361694], [2.106220006942749, 2.1593191623687744, 1.8601430654525757], [2.4021267890930176, 2.4626691341400146, 2.13212251663208]], [[1.4604424238204956, 1.4571969509124756, 1.1522834300994873], [1.712351679801941, 1.7000858783721924, 1.358595371246338], [2.220367670059204, 2.196563243865967, 1.7926183938980103], [2.772974729537964, 2.7432544231414795, 2.29502010345459], [3.085805654525757, 3.0549609661102295, 2.59719181060791]], [[1.7655211687088013, 1.7781671285629272, 1.536230444908142], [2.0683133602142334, 2.0641021728515625, 1.790397047996521], [2.6575560569763184, 2.6249003410339355, 2.3009488582611084], [3.240203380584717, 3.193560838699341, 2.842970848083496], [3.5369441509246826, 3.490640878677368, 3.141781806945801]], [[2.0244390964508057, 2.042752265930176, 1.8032845258712769], [2.352161169052124, 2.381253957748413, 2.1048097610473633], [2.9597952365875244, 3.023343801498413, 2.6949336528778076], [3.5332019329071045, 3.616215944290161, 3.2851293087005615], [3.8163859844207764, 3.8932788372039795, 3.587368965148926]]],